{"stats":{"minecraft:crafted":{"get_more_fun:black_gem_armor_armor_chestplate":1},"minecraft:killed":{"minecraft:cow":4},"minecraft:dropped":{"minecraft:coal":2},"minecraft:custom":{"minecraft:time_since_rest":2200,"minecraft:sprint_one_cm":19200,"minecraft:damage_taken":435,"minecraft:walk_one_cm":5993,"minecraft:mob_kills":4,"minecraft:drop":1,"minecraft:damage_dealt":748,"minecraft:interact_with_crafting_table":2,"minecraft:fly_one_cm":36078,"minecraft:crouch_one_cm":1678,"minecraft:play_time":7149,"minecraft:deaths":1,"minecraft:sneak_time":506,"minecraft:jump":114,"minecraft:leave_game":1,"minecraft:walk_on_water_one_cm":502,"minecraft:time_since_death":2178,"minecraft:enchant_item":9,"minecraft:total_world_time":7656,"minecraft:fall_one_cm":5163},"minecraft:killed_by":{"minecraft:creeper":1},"minecraft:mined":{"minecraft:birch_log":6,"minecraft:grass":1,"minecraft:grass_block":4,"minecraft:coal_ore":2,"minecraft:dirt":5,"get_more_fun:black_gem_ore":6,"minecraft:stone":26},"minecraft:used":{"get_more_fun:black_gem_tools_pickaxe":25,"get_more_fun:black_gem_tools_sword":8,"minecraft:diamond_pickaxe":9,"minecraft:enchanting_table":1,"get_more_fun:black_gem_armor_armor_chestplate":1,"get_more_fun:black_gem_tools_axe":7,"minecraft:iron_pickaxe":1,"get_more_fun:black_gem_tools_shovel":9,"get_more_fun:black_gem_armor_armor_boots":1,"get_more_fun:black_gem_armor_armor_helmet":1,"minecraft:beef":2,"minecraft:crafting_table":1,"get_more_fun:black_gem_ore":6,"get_more_fun:black_gem_armor_armor_leggings":1},"minecraft:picked_up":{"minecraft:birch_log":6,"minecraft:leather":6,"get_more_fun:black_gem":6,"minecraft:dirt":55,"minecraft:wheat_seeds":1,"minecraft:beef":9,"minecraft:birch_sapling":1,"minecraft:coal":2,"minecraft:cobblestone":25}},"DataVersion":2730}