{
  "_fv": 24,
  "_type": "armor",
  "definition": {
    "enableHelmet": true,
    "textureHelmet": "blackgemarmor_head",
    "enableBody": true,
    "textureBody": "blackgemarmor_body",
    "enableLeggings": true,
    "textureLeggings": "blackgemarmor_leggings",
    "enableBoots": true,
    "textureBoots": "blackgemarmor_boots",
    "creativeTab": {
      "value": "CUSTOM:CGetMoreFun"
    },
    "armorTextureFile": "blackgemarmor",
    "helmetName": "BlackGemArmor Helmet",
    "bodyName": "BlackGemArmor Chestplate",
    "leggingsName": "BlackGemArmor Leggings",
    "bootsName": "BlackGemArmor Boots",
    "helmetSpecialInfo": [],
    "bodySpecialInfo": [],
    "leggingsSpecialInfo": [],
    "bootsSpecialInfo": [],
    "helmetModelName": "Default",
    "helmetModelPart": "Helmet",
    "helmetModelTexture": "From armor",
    "bodyModelName": "Default",
    "bodyModelPart": "Body",
    "armsModelPartL": "Arms L",
    "armsModelPartR": "Arms R",
    "bodyModelTexture": "From armor",
    "leggingsModelName": "Default",
    "leggingsModelPartL": "Leggings L",
    "leggingsModelPartR": "Leggings R",
    "leggingsModelTexture": "From armor",
    "bootsModelName": "Default",
    "bootsModelPartL": "Boots L",
    "bootsModelPartR": "Boots R",
    "bootsModelTexture": "From armor",
    "helmetImmuneToFire": true,
    "bodyImmuneToFire": true,
    "leggingsImmuneToFire": true,
    "bootsImmuneToFire": true,
    "maxDamage": 256,
    "damageValueHelmet": 48,
    "damageValueBody": 102,
    "damageValueLeggings": 127,
    "damageValueBoots": 57,
    "enchantability": 9,
    "toughness": 8.0,
    "knockbackResistance": 0.6,
    "equipSound": {
      "value": ""
    },
    "repairItems": [
      {
        "value": "CUSTOM:BlackGem"
      }
    ]
  }
}