{
  "_fv": 24,
  "_type": "tool",
  "definition": {
    "renderType": 0,
    "texture": "blackgemtools_pickaxe",
    "customModelName": "Normal",
    "name": "BlackGemTools Pickaxe",
    "specialInfo": [],
    "creativeTab": {
      "value": "CUSTOM:CGetMoreFun"
    },
    "toolType": "Pickaxe",
    "harvestLevel": 6,
    "efficiency": 15.0,
    "attackSpeed": 1.0,
    "enchantability": 14,
    "damageVsEntity": 2.0,
    "usageCount": 10086,
    "blocksAffected": [],
    "hasGlow": false,
    "repairItems": [
      {
        "value": "CUSTOM:BlackGem"
      }
    ],
    "immuneToFire": true,
    "stayInGridWhenCrafting": false,
    "damageOnCrafting": false
  }
}